,AAInfo,Original_AA,AApos,New_AA,nuc_pos,ref_nuc,thresh_nuc
1,M1,M,1.0,L,2117,A,T
2,M1,M,1.0,V,2117,A,G
3,M1,M,1.0,K,2118,T,A
5,M1,M,1.0,I,2119,G,A
7,A2,A,2.0,T,2120,G,A
9,A2,A,2.0,V,2121,C,T
11,A2,A,2.0,A,2122,C,A
12,A2,A,2.0,A,2122,C,T
15,T3,T,3.0,S,2123,A,T
16,T3,T,3.0,P,2123,A,C
17,T3,T,3.0,A,2123,A,G
18,T3,T,3.0,K,2124,C,A
19,T3,T,3.0,M,2124,C,T
21,T3,T,3.0,T,2125,G,A
22,T3,T,3.0,T,2125,G,T
24,Q4,Q,4.0,K,2126,C,A
27,Q4,Q,4.0,L,2127,A,T
28,Q4,Q,4.0,P,2127,A,C
29,Q4,Q,4.0,R,2127,A,G
30,Q4,Q,4.0,Q,2128,G,A
31,Q4,Q,4.0,H,2128,G,T
32,Q4,Q,4.0,H,2128,G,C
34,S5,S,5.0,T,2129,T,A
36,S5,S,5.0,P,2129,T,C
37,S5,S,5.0,Y,2130,C,A
38,S5,S,5.0,F,2130,C,T
40,S5,S,5.0,S,2131,C,A
41,S5,S,5.0,S,2131,C,T
44,R6,R,6.0,R,2132,A,C
45,R6,R,6.0,G,2132,A,G
46,R6,R,6.0,K,2133,G,A
47,R6,R,6.0,I,2133,G,T
50,R6,R,6.0,S,2134,A,T
51,R6,R,6.0,R,2134,A,G
52,E7,E,7.0,K,2135,G,A
55,E7,E,7.0,V,2136,A,T
56,E7,E,7.0,G,2136,A,G
58,E7,E,7.0,D,2137,A,T
59,E7,E,7.0,D,2137,A,C
60,E7,E,7.0,E,2137,A,G
62,I8,I,8.0,F,2138,A,T
63,I8,I,8.0,L,2138,A,C
64,I8,I,8.0,V,2138,A,G
66,I8,I,8.0,T,2139,T,C
67,I8,I,8.0,I,2140,C,A
68,I8,I,8.0,I,2140,C,T
70,G9,G,9.0,S,2141,G,A
72,G9,G,9.0,D,2142,G,A
74,G9,G,9.0,G,2143,C,T
77,I10,I,10.0,F,2144,A,T
78,I10,I,10.0,L,2144,A,C
79,I10,I,10.0,V,2144,A,G
80,I10,I,10.0,N,2145,T,A
82,I10,I,10.0,T,2145,T,C
83,I10,I,10.0,S,2145,T,G
84,I10,I,10.0,I,2146,T,A
86,I10,I,10.0,I,2146,T,C
87,Q11,Q,11.0,K,2147,C,A
88,Q11,Q,11.0,*,2147,C,T
91,Q11,Q,11.0,L,2148,A,T
92,Q11,Q,11.0,P,2148,A,C
93,Q11,Q,11.0,R,2148,A,G
95,Q11,Q,11.0,H,2149,A,T
96,Q11,Q,11.0,Q,2149,A,G
97,A12,A,12.0,T,2150,G,A
99,A12,A,12.0,V,2151,C,T
101,A12,A,12.0,A,2152,C,T
104,K13,K,13.0,Q,2153,A,C
105,K13,K,13.0,E,2153,A,G
107,K13,K,13.0,M,2154,A,T
108,K13,K,13.0,T,2154,A,C
109,K13,K,13.0,R,2154,A,G
110,K13,K,13.0,K,2155,G,A
111,K13,K,13.0,N,2155,G,T
114,N14,N,14.0,Y,2156,A,T
115,N14,N,14.0,D,2156,A,G
117,N14,N,14.0,I,2157,A,T
118,N14,N,14.0,T,2157,A,C
119,N14,N,14.0,S,2157,A,G
120,N14,N,14.0,N,2158,C,T
123,K15,K,15.0,E,2159,A,G
125,K15,K,15.0,M,2160,A,T
126,K15,K,15.0,R,2160,A,G
127,K15,K,15.0,K,2161,G,A
129,P16,P,16.0,S,2162,C,T
131,P16,P,16.0,H,2163,C,A
132,P16,P,16.0,L,2163,C,T
134,P16,P,16.0,P,2164,C,A
135,P16,P,16.0,P,2164,C,T
137,G17,G,17.0,S,2165,G,A
139,G17,G,17.0,D,2166,G,A
141,G17,G,17.0,G,2167,T,A
143,G17,G,17.0,G,2167,T,C
144,G17,G,17.0,G,2167,T,G
145,H18,H,18.0,Y,2168,C,T
148,H18,H,18.0,L,2169,A,T
149,H18,H,18.0,R,2169,A,G
150,H18,H,18.0,Q,2170,C,A
151,H18,H,18.0,H,2170,C,T
154,W19,W,19.0,R,2171,T,C
155,W19,W,19.0,*,2172,G,A
157,W19,W,19.0,*,2173,G,A
158,W19,W,19.0,C,2173,G,T
160,V20,V,20.0,M,2174,G,A
163,V20,V,20.0,A,2175,T,C
164,V20,V,20.0,V,2176,G,A
165,V20,V,20.0,V,2176,G,T
167,Q21,Q,21.0,*,2177,C,T
170,Q21,Q,21.0,R,2178,A,G
172,Q21,Q,21.0,Q,2179,A,G
174,T22,T,22.0,A,2180,A,G
175,T22,T,22.0,M,2181,C,T
177,T22,T,22.0,T,2182,G,A
178,T22,T,22.0,T,2182,G,T
180,E23,E,23.0,K,2183,G,A
183,E23,E,23.0,G,2184,A,G
185,E23,E,23.0,E,2185,A,G
186,R24,R,24.0,C,2186,C,T
188,R24,R,24.0,H,2187,G,A
190,R24,R,24.0,R,2188,C,A
191,R24,R,24.0,R,2188,C,T
194,K25,K,25.0,Q,2189,A,C
195,K25,K,25.0,E,2189,A,G
197,K25,K,25.0,I,2190,A,T
198,K25,K,25.0,T,2190,A,C
199,K25,K,25.0,R,2190,A,G
201,K25,K,25.0,N,2191,A,T
202,K25,K,25.0,K,2191,A,G
203,A26,A,26.0,T,2192,G,A
204,A26,A,26.0,S,2192,G,T
206,A26,A,26.0,V,2193,C,T
208,A26,A,26.0,A,2194,G,A
209,A26,A,26.0,A,2194,G,T
210,A26,A,26.0,A,2194,G,C
212,H27,H,27.0,N,2195,C,A
213,H27,H,27.0,Y,2195,C,T
216,H27,H,27.0,R,2196,A,G
217,H27,H,27.0,Q,2197,T,A
219,H27,H,27.0,H,2197,T,C
220,E28,E,28.0,K,2198,G,A
223,E28,E,28.0,V,2199,A,T
224,E28,E,28.0,A,2199,A,C
225,E28,E,28.0,G,2199,A,G
226,E28,E,28.0,E,2200,G,A
228,A29,A,29.0,T,2201,G,A
229,A29,A,29.0,S,2201,G,T
231,A29,A,29.0,V,2202,C,T
233,A29,A,29.0,A,2203,G,A
234,A29,A,29.0,A,2203,G,T
237,W30,W,30.0,R,2204,T,C
238,W30,W,30.0,L,2205,G,T
240,W30,W,30.0,*,2206,G,A
242,A31,A,31.0,T,2207,G,A
243,A31,A,31.0,S,2207,G,T
245,A31,A,31.0,V,2208,C,T
247,A31,A,31.0,A,2209,C,A
248,A31,A,31.0,A,2209,C,T
250,G32,G,32.0,R,2210,G,A
251,G32,G,32.0,W,2210,G,T
253,G32,G,32.0,E,2211,G,A
254,G32,G,32.0,V,2211,G,T
256,G32,G,32.0,G,2212,G,A
257,G32,G,32.0,G,2212,G,T
259,L33,L,33.0,F,2213,C,T
262,L33,L,33.0,P,2214,T,C
263,L33,L,33.0,R,2214,T,G
264,L33,L,33.0,L,2215,T,A
266,L33,L,33.0,L,2215,T,C
267,L33,L,33.0,L,2215,T,G
269,I34,I,34.0,V,2216,A,G
270,I34,I,34.0,N,2217,T,A
272,I34,I,34.0,T,2217,T,C
273,I34,I,34.0,S,2217,T,G
274,I34,I,34.0,I,2218,T,A
276,I34,I,34.0,I,2218,T,C
277,I34,I,34.0,M,2218,T,G
278,A35,A,35.0,T,2219,G,A
279,A35,A,35.0,S,2219,G,T
281,A35,A,35.0,E,2220,C,A
282,A35,A,35.0,V,2220,C,T
284,A35,A,35.0,A,2221,G,A
285,A35,A,35.0,A,2221,G,T
288,R36,R,36.0,R,2222,A,C
289,R36,R,36.0,G,2222,A,G
290,R36,R,36.0,K,2223,G,A
292,R36,R,36.0,R,2224,G,A
295,K37,K,37.0,*,2225,A,T
296,K37,K,37.0,Q,2225,A,C
297,K37,K,37.0,E,2225,A,G
299,K37,K,37.0,R,2226,A,G
301,K37,K,37.0,N,2227,A,T
302,K37,K,37.0,N,2227,A,C
303,K37,K,37.0,K,2227,A,G
305,P38,P,38.0,H,2229,C,A
306,P38,P,38.0,L,2229,C,T
308,P38,P,38.0,P,2230,C,A
309,P38,P,38.0,P,2230,C,T
312,T39,T,39.0,S,2231,A,T
313,T39,T,39.0,A,2231,A,G
314,T39,T,39.0,K,2232,C,A
315,T39,T,39.0,M,2232,C,T
317,T39,T,39.0,R,2232,C,G
318,T39,T,39.0,T,2233,G,A
319,T39,T,39.0,T,2233,G,T
321,A40,A,40.0,T,2234,G,A
322,A40,A,40.0,S,2234,G,T
324,A40,A,40.0,V,2235,C,T
326,A40,A,40.0,A,2236,G,A
327,A40,A,40.0,A,2236,G,T
329,A41,A,41.0,T,2237,G,A
331,A41,A,41.0,V,2238,C,T
334,A41,A,41.0,A,2239,A,T
335,A41,A,41.0,A,2239,A,C
336,A41,A,41.0,A,2239,A,G
338,M42,M,42.0,L,2240,A,T
339,M42,M,42.0,V,2240,A,G
341,M42,M,42.0,T,2241,T,C
342,M42,M,42.0,R,2241,T,G
343,M42,M,42.0,I,2242,G,A
344,M42,M,42.0,I,2242,G,T
346,L43,L,43.0,L,2243,C,T
349,L43,L,43.0,P,2244,T,C
350,L43,L,43.0,L,2245,G,A
351,L43,L,43.0,L,2245,G,C
353,L44,L,44.0,M,2246,C,A
354,L44,L,44.0,L,2246,C,T
356,L44,L,44.0,Q,2247,T,A
358,L44,L,44.0,P,2247,T,C
359,L44,L,44.0,L,2248,G,A
360,L44,L,44.0,L,2248,G,T
362,H45,H,45.0,Y,2249,C,T
365,H45,H,45.0,L,2250,A,T
366,H45,H,45.0,R,2250,A,G
367,H45,H,45.0,Q,2251,T,A
369,H45,H,45.0,H,2251,T,C
370,H45,H,45.0,Q,2251,T,G
371,H46,H,46.0,Y,2252,C,T
374,H46,H,46.0,L,2253,A,T
375,H46,H,46.0,P,2253,A,C
376,H46,H,46.0,R,2253,A,G
377,H46,H,46.0,H,2254,C,T
379,L47,L,47.0,I,2255,C,A
380,L47,L,47.0,F,2255,C,T
382,L47,L,47.0,H,2256,T,A
384,L47,L,47.0,P,2256,T,C
385,L47,L,47.0,L,2257,C,A
386,L47,L,47.0,L,2257,C,T
388,V48,V,48.0,M,2258,G,A
391,V48,V,48.0,A,2259,T,C
392,V48,V,48.0,V,2260,G,A
393,V48,V,48.0,V,2260,G,T
395,A49,A,49.0,T,2261,G,A
396,A49,A,49.0,S,2261,G,T
398,A49,A,49.0,V,2262,C,T
400,A49,A,49.0,A,2263,G,A
401,A49,A,49.0,A,2263,G,T
402,A49,A,49.0,A,2263,G,C
404,Q50,Q,50.0,*,2264,C,T
407,Q50,Q,50.0,L,2265,A,T
408,Q50,Q,50.0,R,2265,A,G
409,Q50,Q,50.0,Q,2266,G,A
410,Q50,Q,50.0,H,2266,G,T
413,M51,M,51.0,L,2267,A,T
414,M51,M,51.0,L,2267,A,C
415,M51,M,51.0,V,2267,A,G
416,M51,M,51.0,K,2268,T,A
418,M51,M,51.0,T,2268,T,C
419,M51,M,51.0,I,2269,G,A
420,M51,M,51.0,I,2269,G,T
422,G52,G,52.0,S,2270,G,A
423,G52,G,52.0,C,2270,G,T
424,G52,G,52.0,R,2270,G,C
426,G52,G,52.0,D,2271,G,A
427,G52,G,52.0,V,2271,G,T
429,G52,G,52.0,G,2272,C,A
430,G52,G,52.0,G,2272,C,T
432,G52,G,52.0,G,2272,C,G
433,H53,H,53.0,N,2273,C,A
434,H53,H,53.0,Y,2273,C,T
437,H53,H,53.0,L,2274,A,T
438,H53,H,53.0,P,2274,A,C
439,H53,H,53.0,R,2274,A,G
440,H53,H,53.0,Q,2275,C,A
441,H53,H,53.0,H,2275,C,T
443,H53,H,53.0,Q,2275,C,G
444,Q54,Q,54.0,K,2276,C,A
445,Q54,Q,54.0,*,2276,C,T
447,Q54,Q,54.0,E,2276,C,G
449,Q54,Q,54.0,L,2277,A,T
450,Q54,Q,54.0,R,2277,A,G
451,Q54,Q,54.0,Q,2278,G,A
454,N55,N,55.0,Y,2279,A,T
455,N55,N,55.0,H,2279,A,C
456,N55,N,55.0,D,2279,A,G
458,N55,N,55.0,S,2280,A,G
459,N55,N,55.0,N,2281,C,T
461,A56,A,56.0,T,2282,G,A
462,A56,A,56.0,S,2282,G,T
464,A56,A,56.0,V,2283,C,T
466,A56,A,56.0,G,2283,C,G
467,A56,A,56.0,A,2284,C,A
468,A56,A,56.0,A,2284,C,T
470,V57,V,57.0,M,2285,G,A
471,V57,V,57.0,L,2285,G,T
473,V57,V,57.0,E,2286,T,A
475,V57,V,57.0,A,2286,T,C
476,V57,V,57.0,G,2286,T,G
477,V57,V,57.0,V,2287,G,A
478,V57,V,57.0,V,2287,G,T
480,V58,V,58.0,M,2288,G,A
482,V58,V,58.0,E,2289,T,A
484,V58,V,58.0,A,2289,T,C
485,V58,V,58.0,G,2289,T,G
486,V58,V,58.0,V,2290,G,A
487,V58,V,58.0,V,2290,G,T
489,V59,V,59.0,I,2291,G,A
491,V59,V,59.0,D,2292,T,A
493,V59,V,59.0,A,2292,T,C
494,V59,V,59.0,V,2293,C,A
495,V59,V,59.0,V,2293,C,T
498,S60,S,60.0,C,2294,A,T
499,S60,S,60.0,G,2294,A,G
500,S60,S,60.0,N,2295,G,A
501,S60,S,60.0,T,2295,G,C
503,S60,S,60.0,R,2296,C,A
504,S60,S,60.0,S,2296,C,T
506,Q61,Q,61.0,*,2297,C,T
509,Q61,Q,61.0,L,2298,A,T
510,Q61,Q,61.0,R,2298,A,G
511,Q61,Q,61.0,Q,2299,G,A
514,K62,K,62.0,E,2300,A,G
516,K62,K,62.0,M,2301,A,T
517,K62,K,62.0,T,2301,A,C
518,K62,K,62.0,R,2301,A,G
519,K62,K,62.0,K,2302,G,A
522,T63,T,63.0,S,2303,A,T
523,T63,T,63.0,A,2303,A,G
524,T63,T,63.0,I,2304,C,T
527,T63,T,63.0,T,2305,A,T
528,T63,T,63.0,T,2305,A,C
529,T63,T,63.0,T,2305,A,G
530,L64,L,64.0,F,2306,C,T
532,L64,L,64.0,H,2307,T,A
534,L64,L,64.0,P,2307,T,C
535,L64,L,64.0,L,2308,T,A
537,L64,L,64.0,L,2308,T,C
538,L64,L,64.0,L,2308,T,G
539,S65,S,65.0,T,2309,T,A
541,S65,S,65.0,P,2309,T,C
542,S65,S,65.0,A,2309,T,G
543,S65,S,65.0,F,2310,C,T
545,S65,S,65.0,C,2310,C,G
546,S65,S,65.0,S,2311,C,A
547,S65,S,65.0,S,2311,C,T
550,K66,K,66.0,*,2312,A,T
551,K66,K,66.0,Q,2312,A,C
552,K66,K,66.0,E,2312,A,G
554,K66,K,66.0,M,2313,A,T
555,K66,K,66.0,T,2313,A,C
556,K66,K,66.0,R,2313,A,G
557,K66,K,66.0,K,2314,G,A
558,K66,K,66.0,N,2314,G,T
559,K66,K,66.0,N,2314,G,C
561,L67,L,67.0,I,2315,C,A
564,L67,L,67.0,P,2316,T,C
565,L67,L,67.0,L,2317,C,A
566,L67,L,67.0,L,2317,C,T
569,I68,I,68.0,F,2318,A,T
570,I68,I,68.0,L,2318,A,C
571,I68,I,68.0,V,2318,A,G
572,I68,I,68.0,N,2319,T,A
574,I68,I,68.0,T,2319,T,C
575,I68,I,68.0,I,2320,C,A
576,I68,I,68.0,I,2320,C,T
578,G69,G,69.0,R,2321,G,A
582,G69,G,69.0,G,2323,A,T
583,G69,G,69.0,G,2323,A,C
584,G69,G,69.0,G,2323,A,G
585,R70,R,70.0,C,2324,C,T
587,R70,R,70.0,H,2325,G,A
588,R70,R,70.0,L,2325,G,T
590,R70,R,70.0,R,2326,T,A
592,R70,R,70.0,R,2326,T,C
593,R70,R,70.0,R,2326,T,G
595,S71,S,71.0,P,2327,T,C
596,S71,S,71.0,F,2328,C,T
598,S71,S,71.0,C,2328,C,G
599,S71,S,71.0,S,2329,T,A
601,S71,S,71.0,S,2329,T,C
602,S71,S,71.0,S,2329,T,G
603,L72,L,72.0,M,2330,T,A
605,L72,L,72.0,L,2330,T,C
606,L72,L,72.0,V,2330,T,G
608,L72,L,72.0,S,2331,T,C
609,L72,L,72.0,L,2332,G,A
610,L72,L,72.0,F,2332,G,T
612,R73,R,73.0,R,2333,C,A
613,R73,R,73.0,W,2333,C,T
615,R73,R,73.0,Q,2334,G,A
617,R73,R,73.0,R,2335,G,A
618,R73,R,73.0,R,2335,G,T
621,T74,T,74.0,S,2336,A,T
622,T74,T,74.0,A,2336,A,G
623,T74,T,74.0,M,2337,C,T
625,T74,T,74.0,T,2338,G,A
626,T74,T,74.0,T,2338,G,T
627,T74,T,74.0,T,2338,G,C
629,V75,V,75.0,I,2339,G,A
630,V75,V,75.0,L,2339,G,C
632,V75,V,75.0,D,2340,T,A
634,V75,V,75.0,A,2340,T,C
635,V75,V,75.0,V,2341,C,A
636,V75,V,75.0,V,2341,C,T
638,Q76,Q,76.0,*,2342,C,T
641,Q76,Q,76.0,L,2343,A,T
642,Q76,Q,76.0,R,2343,A,G
644,Q76,Q,76.0,H,2344,A,T
645,Q76,Q,76.0,Q,2344,A,G
647,Y77,Y,77.0,H,2345,T,C
649,Y77,Y,77.0,F,2346,A,T
650,Y77,Y,77.0,C,2346,A,G
651,Y77,Y,77.0,Y,2347,C,T
653,A78,A,78.0,T,2348,G,A
655,A78,A,78.0,V,2349,C,T
658,A78,A,78.0,A,2350,A,T
659,A78,A,78.0,A,2350,A,C
660,A78,A,78.0,A,2350,A,G
661,V79,V,79.0,I,2351,G,A
663,V79,V,79.0,D,2352,T,A
665,V79,V,79.0,A,2352,T,C
666,V79,V,79.0,V,2353,C,A
667,V79,V,79.0,V,2353,C,T
670,K80,K,80.0,*,2354,A,T
671,K80,K,80.0,Q,2354,A,C
672,K80,K,80.0,E,2354,A,G
674,K80,K,80.0,R,2355,A,G
675,K80,K,80.0,K,2356,G,A
676,K80,K,80.0,N,2356,G,T
678,D81,D,81.0,N,2357,G,A
679,D81,D,81.0,Y,2357,G,T
682,D81,D,81.0,V,2358,A,T
683,D81,D,81.0,A,2358,A,C
684,D81,D,81.0,G,2358,A,G
685,D81,D,81.0,E,2359,C,A
686,D81,D,81.0,D,2359,C,T
688,L82,L,82.0,M,2360,T,A
690,L82,L,82.0,L,2360,T,C
692,L82,L,82.0,S,2361,T,C
693,L82,L,82.0,L,2362,G,A
695,V83,V,83.0,M,2363,G,A
696,V83,V,83.0,L,2363,G,T
698,V83,V,83.0,E,2364,T,A
700,V83,V,83.0,A,2364,T,C
701,V83,V,83.0,V,2365,G,A
702,V83,V,83.0,V,2365,G,T
704,A84,A,84.0,T,2366,G,A
705,A84,A,84.0,S,2366,G,T
707,A84,A,84.0,D,2367,C,A
708,A84,A,84.0,V,2367,C,T
710,A84,A,84.0,A,2368,C,A
711,A84,A,84.0,A,2368,C,T
713,E85,E,85.0,K,2369,G,A
716,E85,E,85.0,V,2370,A,T
717,E85,E,85.0,G,2370,A,G
718,E85,E,85.0,E,2371,G,A
720,R86,R,86.0,S,2372,C,A
721,R86,R,86.0,C,2372,C,T
723,R86,R,86.0,H,2373,G,A
725,R86,R,86.0,R,2374,C,A
726,R86,R,86.0,R,2374,C,T
728,W87,W,87.0,R,2375,T,A
730,W87,W,87.0,R,2375,T,C
731,W87,W,87.0,*,2376,G,A
735,I88,I,88.0,F,2378,A,T
736,I88,I,88.0,V,2378,A,G
738,I88,I,88.0,T,2379,T,C
739,I88,I,88.0,I,2380,C,A
740,I88,I,88.0,I,2380,C,T
742,S89,S,89.0,T,2381,T,A
744,S89,S,89.0,P,2381,T,C
745,S89,S,89.0,A,2381,T,G
746,S89,S,89.0,F,2382,C,T
748,S89,S,89.0,S,2383,C,A
749,S89,S,89.0,S,2383,C,T
751,V90,V,90.0,I,2384,G,A
753,V90,V,90.0,D,2385,T,A
755,V90,V,90.0,A,2385,T,C
756,V90,V,90.0,V,2386,C,A
757,V90,V,90.0,V,2386,C,T
759,V91,V,91.0,M,2387,G,A
760,V91,V,91.0,L,2387,G,T
761,V91,V,91.0,L,2387,G,C
763,V91,V,91.0,E,2388,T,A
765,V91,V,91.0,A,2388,T,C
766,V91,V,91.0,G,2388,T,G
767,V91,V,91.0,V,2389,G,A
768,V91,V,91.0,V,2389,G,T
771,K92,K,92.0,*,2390,A,T
772,K92,K,92.0,Q,2390,A,C
773,K92,K,92.0,E,2390,A,G
775,K92,K,92.0,M,2391,A,T
776,K92,K,92.0,T,2391,A,C
777,K92,K,92.0,R,2391,A,G
778,K92,K,92.0,K,2392,G,A
779,K92,K,92.0,N,2392,G,T
780,K92,K,92.0,N,2392,G,C
782,L93,L,93.0,I,2393,C,A
783,L93,L,93.0,F,2393,C,T
785,L93,L,93.0,V,2393,C,G
787,L93,L,93.0,P,2394,T,C
788,L93,L,93.0,R,2394,T,G
789,L93,L,93.0,L,2395,C,A
790,L93,L,93.0,L,2395,C,T
793,N94,N,94.0,Y,2396,A,T
794,N94,N,94.0,H,2396,A,C
795,N94,N,94.0,D,2396,A,G
797,N94,N,94.0,I,2397,A,T
798,N94,N,94.0,T,2397,A,C
799,N94,N,94.0,S,2397,A,G
800,N94,N,94.0,N,2398,C,T
802,G95,G,95.0,S,2399,G,A
804,G95,G,95.0,D,2400,G,A
806,G95,G,95.0,G,2401,C,T
808,G95,G,95.0,G,2401,C,G
809,P96,P,96.0,S,2402,C,T
811,P96,P,96.0,H,2403,C,A
812,P96,P,96.0,L,2403,C,T
814,P96,P,96.0,P,2404,C,A
815,P96,P,96.0,P,2404,C,T
817,P96,P,96.0,P,2404,C,G
818,G97,G,97.0,S,2405,G,A
820,G97,G,97.0,D,2406,G,A
821,G97,G,97.0,V,2406,G,T
823,G97,G,97.0,G,2407,C,A
824,G97,G,97.0,G,2407,C,T
827,T98,T,98.0,S,2408,A,T
828,T98,T,98.0,P,2408,A,C
829,T98,T,98.0,A,2408,A,G
830,T98,T,98.0,N,2409,C,A
831,T98,T,98.0,I,2409,C,T
833,T98,T,98.0,T,2410,C,A
834,T98,T,98.0,T,2410,C,T
836,V99,V,99.0,M,2411,G,A
837,V99,V,99.0,L,2411,G,T
838,V99,V,99.0,L,2411,G,C
840,V99,V,99.0,E,2412,T,A
842,V99,V,99.0,A,2412,T,C
843,V99,V,99.0,V,2413,G,A
844,V99,V,99.0,V,2413,G,T
846,S100,S,100.0,T,2414,T,A
848,S100,S,100.0,P,2414,T,C
849,S100,S,100.0,A,2414,T,G
850,S100,S,100.0,*,2415,C,A
851,S100,S,100.0,L,2415,C,T
853,S100,S,100.0,S,2416,G,A
854,S100,S,100.0,S,2416,G,T
856,A101,A,101.0,T,2417,G,A
857,A101,A,101.0,S,2417,G,T
859,A101,A,101.0,V,2418,C,T
861,A101,A,101.0,G,2418,C,G
862,A101,A,101.0,A,2419,C,A
863,A101,A,101.0,A,2419,C,T
866,Y102,Y,102.0,H,2420,T,C
868,Y102,Y,102.0,C,2421,A,G
869,Y102,Y,102.0,Y,2422,C,T
871,V103,V,103.0,M,2423,G,A
873,V103,V,103.0,E,2424,T,A
875,V103,V,103.0,A,2424,T,C
876,V103,V,103.0,V,2425,G,A
877,V103,V,103.0,V,2425,G,T
879,V104,V,104.0,I,2426,G,A
880,V104,V,104.0,L,2426,G,C
882,V104,V,104.0,D,2427,T,A
884,V104,V,104.0,A,2427,T,C
885,V104,V,104.0,G,2427,T,G
886,V104,V,104.0,V,2428,C,A
887,V104,V,104.0,V,2428,C,T
890,N105,N,105.0,D,2429,A,G
892,N105,N,105.0,I,2430,A,T
893,N105,N,105.0,T,2430,A,C
894,N105,N,105.0,S,2430,A,G
895,N105,N,105.0,K,2431,T,A
897,N105,N,105.0,N,2431,T,C
898,D106,D,106.0,N,2432,G,A
901,D106,D,106.0,G,2433,A,G
902,D106,D,106.0,D,2434,C,T
904,R107,R,107.0,C,2435,C,T
906,R107,R,107.0,H,2436,G,A
907,R107,R,107.0,L,2436,G,T
909,R107,R,107.0,R,2437,C,A
910,R107,R,107.0,R,2437,C,T
912,R107,R,107.0,R,2437,C,G
913,V108,V,108.0,M,2438,G,A
914,V108,V,108.0,L,2438,G,C
916,V108,V,108.0,E,2439,T,A
918,V108,V,108.0,A,2439,T,C
919,V108,V,108.0,G,2439,T,G
920,V108,V,108.0,V,2440,G,A
921,V108,V,108.0,V,2440,G,T
923,A109,A,109.0,T,2441,G,A
924,A109,A,109.0,S,2441,G,T
926,A109,A,109.0,V,2442,C,T
928,A109,A,109.0,G,2442,C,G
929,A109,A,109.0,A,2443,G,A
930,A109,A,109.0,A,2443,G,T
931,A109,A,109.0,A,2443,G,C
933,W110,W,110.0,R,2444,T,A
935,W110,W,110.0,R,2444,T,C
936,W110,W,110.0,*,2445,G,A
937,W110,W,110.0,L,2445,G,T
939,W110,W,110.0,*,2446,G,A
940,W110,W,110.0,C,2446,G,T
941,W110,W,110.0,C,2446,G,C
943,G111,G,111.0,S,2447,G,A
944,G111,G,111.0,C,2447,G,T
945,G111,G,111.0,R,2447,G,C
947,G111,G,111.0,D,2448,G,A
948,G111,G,111.0,V,2448,G,T
949,G111,G,111.0,A,2448,G,C
951,G111,G,111.0,G,2449,C,A
952,G111,G,111.0,G,2449,C,T
954,Q112,Q,112.0,*,2450,C,T
957,Q112,Q,112.0,R,2451,A,G
958,Q112,Q,112.0,Q,2452,G,A
960,P113,P,113.0,S,2453,C,T
962,P113,P,113.0,H,2454,C,A
963,P113,P,113.0,L,2454,C,T
965,P113,P,113.0,P,2455,C,A
966,P113,P,113.0,P,2455,C,T
968,R114,R,114.0,C,2456,C,T
970,R114,R,114.0,H,2457,G,A
972,R114,R,114.0,R,2458,C,A
973,R114,R,114.0,R,2458,C,T
975,D115,D,115.0,N,2459,G,A
976,D115,D,115.0,Y,2459,G,T
979,D115,D,115.0,V,2460,A,T
980,D115,D,115.0,A,2460,A,C
981,D115,D,115.0,G,2460,A,G
982,D115,D,115.0,E,2461,C,A
983,D115,D,115.0,D,2461,C,T
985,Q116,Q,116.0,*,2462,C,T
988,Q116,Q,116.0,L,2463,A,T
989,Q116,Q,116.0,R,2463,A,G
990,Q116,Q,116.0,Q,2464,G,A
991,Q116,Q,116.0,H,2464,G,T
993,L117,L,117.0,M,2465,T,A
995,L117,L,117.0,L,2465,T,C
996,L117,L,117.0,*,2466,T,A
998,L117,L,117.0,S,2466,T,C
999,L117,L,117.0,W,2466,T,G
1000,L117,L,117.0,L,2467,G,A
1001,L117,L,117.0,F,2467,G,T
1003,R118,R,118.0,S,2468,C,A
1004,R118,R,118.0,C,2468,C,T
1006,R118,R,118.0,H,2469,G,A
1007,R118,R,118.0,P,2469,G,C
1009,R118,R,118.0,R,2470,C,A
1010,R118,R,118.0,R,2470,C,T
1012,L119,L,119.0,M,2471,C,A
1013,L119,L,119.0,L,2471,C,T
1015,L119,L,119.0,Q,2472,T,A
1017,L119,L,119.0,P,2472,T,C
1018,L119,L,119.0,R,2472,T,G
1019,L119,L,119.0,L,2473,G,A
1020,L119,L,119.0,L,2473,G,T
1022,S120,S,120.0,T,2474,T,A
1024,S120,S,120.0,P,2474,T,C
1025,S120,S,120.0,*,2475,C,A
1026,S120,S,120.0,L,2475,C,T
1028,S120,S,120.0,S,2476,G,A
1029,S120,S,120.0,S,2476,G,T
1031,V121,V,121.0,M,2477,G,A
1032,V121,V,121.0,L,2477,G,T
1034,V121,V,121.0,E,2478,T,A
1036,V121,V,121.0,A,2478,T,C
1037,V121,V,121.0,V,2479,G,A
1038,V121,V,121.0,V,2479,G,T
1040,F122,F,122.0,I,2480,T,A
1042,F122,F,122.0,L,2480,T,C
1043,F122,F,122.0,Y,2481,T,A
1045,F122,F,122.0,S,2481,T,C
1046,F122,F,122.0,F,2482,C,T
1049,S123,S,123.0,C,2483,A,T
1050,S123,S,123.0,G,2483,A,G
1051,S123,S,123.0,N,2484,G,A
1052,S123,S,123.0,I,2484,G,T
1054,S123,S,123.0,R,2485,T,A
1056,S123,S,123.0,S,2485,T,C
1057,A124,A,124.0,T,2486,G,A
1058,A124,A,124.0,S,2486,G,T
1060,A124,A,124.0,V,2487,C,T
1062,A124,A,124.0,A,2488,C,A
1063,A124,A,124.0,A,2488,C,T
1065,A125,A,125.0,T,2489,G,A
1066,A125,A,125.0,S,2489,G,T
1068,A125,A,125.0,V,2490,C,T
1070,A125,A,125.0,G,2490,C,G
1071,A125,A,125.0,A,2491,C,A
1072,A125,A,125.0,A,2491,C,T
1074,V126,V,126.0,M,2492,G,A
1076,V126,V,126.0,E,2493,T,A
1078,V126,V,126.0,A,2493,T,C
1079,V126,V,126.0,G,2493,T,G
1080,V126,V,126.0,V,2494,G,A
1081,V126,V,126.0,V,2494,G,T
1083,V127,V,127.0,M,2495,G,A
1084,V127,V,127.0,L,2495,G,T
1086,V127,V,127.0,E,2496,T,A
1088,V127,V,127.0,A,2496,T,C
1089,V127,V,127.0,G,2496,T,G
1090,V127,V,127.0,V,2497,G,A
1091,V127,V,127.0,V,2497,G,T
1093,V128,V,128.0,I,2498,G,A
1094,V128,V,128.0,F,2498,G,T
1096,V128,V,128.0,D,2499,T,A
1098,V128,V,128.0,A,2499,T,C
1099,V128,V,128.0,G,2499,T,G
1100,V128,V,128.0,V,2500,T,A
1102,V128,V,128.0,V,2500,T,C
1103,V128,V,128.0,V,2500,T,G
1104,D129,D,129.0,N,2501,G,A
1107,D129,D,129.0,V,2502,A,T
1108,D129,D,129.0,A,2502,A,C
1109,D129,D,129.0,G,2502,A,G
1110,D129,D,129.0,E,2503,T,A
1112,D129,D,129.0,D,2503,T,C
1113,D129,D,129.0,E,2503,T,G
1114,H130,H,130.0,N,2504,C,A
1115,H130,H,130.0,Y,2504,C,T
1117,H130,H,130.0,D,2504,C,G
1119,H130,H,130.0,L,2505,A,T
1120,H130,H,130.0,P,2505,A,C
1121,H130,H,130.0,R,2505,A,G
1122,H130,H,130.0,Q,2506,C,A
1123,H130,H,130.0,H,2506,C,T
1125,D131,D,131.0,N,2507,G,A
1126,D131,D,131.0,Y,2507,G,T
1129,D131,D,131.0,V,2508,A,T
1130,D131,D,131.0,A,2508,A,C
1131,D131,D,131.0,G,2508,A,G
1132,D131,D,131.0,E,2509,C,A
1133,D131,D,131.0,D,2509,C,T
1135,D132,D,132.0,N,2510,G,A
1136,D132,D,132.0,Y,2510,G,T
1137,D132,D,132.0,H,2510,G,C
1140,D132,D,132.0,V,2511,A,T
1141,D132,D,132.0,A,2511,A,C
1142,D132,D,132.0,G,2511,A,G
1143,D132,D,132.0,E,2512,C,A
1144,D132,D,132.0,D,2512,C,T
1146,D132,D,132.0,E,2512,C,G
1147,Q133,Q,133.0,*,2513,C,T
1150,Q133,Q,133.0,L,2514,A,T
1151,Q133,Q,133.0,R,2514,A,G
1152,Q133,Q,133.0,Q,2515,G,A
1154,D134,D,134.0,N,2516,G,A
1155,D134,D,134.0,Y,2516,G,T
1156,D134,D,134.0,H,2516,G,C
1159,D134,D,134.0,V,2517,A,T
1160,D134,D,134.0,A,2517,A,C
1161,D134,D,134.0,G,2517,A,G
1162,D134,D,134.0,E,2518,C,A
1163,D134,D,134.0,D,2518,C,T
1165,E135,E,135.0,K,2519,G,A
1166,E135,E,135.0,Q,2519,G,C
1169,E135,E,135.0,V,2520,A,T
1170,E135,E,135.0,A,2520,A,C
1171,E135,E,135.0,G,2520,A,G
1173,E135,E,135.0,D,2521,A,T
1174,E135,E,135.0,D,2521,A,C
1175,E135,E,135.0,E,2521,A,G
1176,S136,S,136.0,T,2522,T,A
1178,S136,S,136.0,P,2522,T,C
1179,S136,S,136.0,A,2522,T,G
1180,S136,S,136.0,L,2523,C,T
1182,S136,S,136.0,S,2524,G,A
1183,S136,S,136.0,S,2524,G,T
1185,L137,L,137.0,M,2525,C,A
1186,L137,L,137.0,L,2525,C,T
1188,L137,L,137.0,V,2525,C,G
1189,L137,L,137.0,Q,2526,T,A
1191,L137,L,137.0,P,2526,T,C
1192,L137,L,137.0,R,2526,T,G
1193,L137,L,137.0,L,2527,G,A
1194,L137,L,137.0,L,2527,G,T
1196,L138,L,138.0,M,2528,T,A
1198,L138,L,138.0,L,2528,T,C
1199,L138,L,138.0,V,2528,T,G
1200,L138,L,138.0,*,2529,T,A
1202,L138,L,138.0,S,2529,T,C
1203,L138,L,138.0,W,2529,T,G
1204,L138,L,138.0,L,2530,G,A
1205,L138,L,138.0,F,2530,G,T
1206,L138,L,138.0,F,2530,G,C
1208,G139,G,139.0,R,2531,G,A
1209,G139,G,139.0,W,2531,G,T
1211,G139,G,139.0,E,2532,G,A
1212,G139,G,139.0,V,2532,G,T
1214,G139,G,139.0,G,2533,G,A
1215,G139,G,139.0,G,2533,G,T
1217,H140,H,140.0,Y,2534,C,T
1220,H140,H,140.0,L,2535,A,T
1221,H140,H,140.0,P,2535,A,C
1222,H140,H,140.0,R,2535,A,G
1223,H140,H,140.0,Q,2536,T,A
1225,H140,H,140.0,H,2536,T,C
1226,G141,G,141.0,S,2537,G,A
1227,G141,G,141.0,C,2537,G,T
1228,G141,G,141.0,R,2537,G,C
1230,G141,G,141.0,D,2538,G,A
1231,G141,G,141.0,V,2538,G,T
1232,G141,G,141.0,A,2538,G,C
1234,G141,G,141.0,G,2539,C,T
1236,G141,G,141.0,G,2539,C,G
1237,D142,D,142.0,N,2540,G,A
1238,D142,D,142.0,Y,2540,G,T
1241,D142,D,142.0,V,2541,A,T
1242,D142,D,142.0,A,2541,A,C
1243,D142,D,142.0,G,2541,A,G
1244,D142,D,142.0,D,2542,C,T
1246,L143,L,143.0,M,2543,C,A
1247,L143,L,143.0,L,2543,C,T
1250,L143,L,143.0,P,2544,T,C
1251,L143,L,143.0,L,2545,G,A
1252,L143,L,143.0,L,2545,G,T
1254,R144,R,144.0,C,2546,C,T
1256,R144,R,144.0,H,2547,G,A
1257,R144,R,144.0,L,2547,G,T
1259,R144,R,144.0,R,2548,C,A
1260,R144,R,144.0,R,2548,C,T
1262,R145,R,145.0,C,2549,C,T
1264,R145,R,145.0,H,2550,G,A
1265,R145,R,145.0,L,2550,G,T
1267,R145,R,145.0,R,2551,C,A
1268,R145,R,145.0,R,2551,C,T
1271,I146,I,146.0,F,2552,A,T
1272,I146,I,146.0,L,2552,A,C
1273,I146,I,146.0,V,2552,A,G
1275,I146,I,146.0,T,2553,T,C
1276,I146,I,146.0,I,2554,C,A
1277,I146,I,146.0,I,2554,C,T
1279,P147,P,147.0,T,2555,C,A
1280,P147,P,147.0,S,2555,C,T
1282,P147,P,147.0,L,2556,C,T
1284,P147,P,147.0,P,2557,G,A
1285,P147,P,147.0,P,2557,G,T
1288,T148,T,148.0,S,2558,A,T
1289,T148,T,148.0,A,2558,A,G
1290,T148,T,148.0,N,2559,C,A
1291,T148,T,148.0,I,2559,C,T
1293,T148,T,148.0,T,2560,C,A
1294,T148,T,148.0,T,2560,C,T
1296,L149,L,149.0,M,2561,C,A
1297,L149,L,149.0,L,2561,C,T
1300,L149,L,149.0,P,2562,T,C
1301,L149,L,149.0,L,2563,G,A
1302,L149,L,149.0,L,2563,G,T
1304,Y150,Y,150.0,N,2564,T,A
1306,Y150,Y,150.0,H,2564,T,C
1308,Y150,Y,150.0,F,2565,A,T
1309,Y150,Y,150.0,C,2565,A,G
1310,Y150,Y,150.0,*,2566,T,A
1312,Y150,Y,150.0,Y,2566,T,C
1313,P151,P,151.0,T,2567,C,A
1314,P151,P,151.0,S,2567,C,T
1316,P151,P,151.0,Q,2568,C,A
1317,P151,P,151.0,L,2568,C,T
1319,P151,P,151.0,P,2569,G,A
1320,P151,P,151.0,P,2569,G,T
1322,G152,G,152.0,S,2570,G,A
1323,G152,G,152.0,C,2570,G,T
1325,G152,G,152.0,D,2571,G,A
1326,G152,G,152.0,V,2571,G,T
1328,G152,G,152.0,G,2572,C,A
1329,G152,G,152.0,G,2572,C,T
1331,E153,E,153.0,K,2573,G,A
1332,E153,E,153.0,*,2573,G,T
1335,E153,E,153.0,V,2574,A,T
1336,E153,E,153.0,A,2574,A,C
1337,E153,E,153.0,G,2574,A,G
1338,E153,E,153.0,E,2575,G,A
1339,E153,E,153.0,D,2575,G,T
1341,Q154,Q,154.0,K,2576,C,A
1342,Q154,Q,154.0,*,2576,C,T
1345,Q154,Q,154.0,L,2577,A,T
1346,Q154,Q,154.0,R,2577,A,G
1347,Q154,Q,154.0,Q,2578,G,A
1348,Q154,Q,154.0,H,2578,G,T
1350,Q155,Q,155.0,K,2579,C,A
1351,Q155,Q,155.0,*,2579,C,T
1354,Q155,Q,155.0,L,2580,A,T
1355,Q155,Q,155.0,P,2580,A,C
1356,Q155,Q,155.0,R,2580,A,G
1358,Q155,Q,155.0,H,2581,A,T
1359,Q155,Q,155.0,Q,2581,A,G
1360,L156,L,156.0,I,2582,C,A
1361,L156,L,156.0,L,2582,C,T
1363,L156,L,156.0,Q,2583,T,A
1365,L156,L,156.0,P,2583,T,C
1367,L156,L,156.0,L,2584,A,T
1368,L156,L,156.0,L,2584,A,C
1369,L156,L,156.0,L,2584,A,G
1370,P157,P,157.0,S,2585,C,T
1372,P157,P,157.0,Q,2586,C,A
1373,P157,P,157.0,L,2586,C,T
1375,P157,P,157.0,P,2587,G,A
1376,P157,P,157.0,P,2587,G,T
1379,T158,T,158.0,S,2588,A,T
1380,T158,T,158.0,P,2588,A,C
1381,T158,T,158.0,A,2588,A,G
1382,T158,T,158.0,I,2589,C,T
1384,T158,T,158.0,T,2590,C,A
1385,T158,T,158.0,T,2590,C,T
1387,T158,T,158.0,T,2590,C,G
1388,G159,G,159.0,S,2591,G,A
1389,G159,G,159.0,C,2591,G,T
1391,G159,G,159.0,D,2592,G,A
1392,G159,G,159.0,V,2592,G,T
1394,G159,G,159.0,G,2593,C,A
1395,G159,G,159.0,G,2593,C,T
1397,G159,G,159.0,G,2593,C,G
1398,P160,P,160.0,T,2594,C,A
1399,P160,P,160.0,S,2594,C,T
1401,P160,P,160.0,H,2595,C,A
1402,P160,P,160.0,L,2595,C,T
1404,P160,P,160.0,P,2596,C,A
1405,P160,P,160.0,P,2596,C,T
1407,P160,P,160.0,P,2596,C,G
1408,G161,G,161.0,S,2597,G,A
1409,G161,G,161.0,C,2597,G,T
1411,G161,G,161.0,D,2598,G,A
1412,G161,G,161.0,V,2598,G,T
1414,G161,G,161.0,G,2599,C,A
1415,G161,G,161.0,G,2599,C,T
1417,E162,E,162.0,K,2600,G,A
1420,E162,E,162.0,V,2601,A,T
1421,E162,E,162.0,A,2601,A,C
1422,E162,E,162.0,G,2601,A,G
1423,E162,E,162.0,E,2602,G,A
1424,E162,E,162.0,D,2602,G,T
1426,E163,E,163.0,K,2603,G,A
1429,E163,E,163.0,V,2604,A,T
1430,E163,E,163.0,A,2604,A,C
1431,E163,E,163.0,G,2604,A,G
1432,E163,E,163.0,E,2605,G,A
1433,E163,E,163.0,D,2605,G,T
1435,P164,P,164.0,S,2606,C,T
1437,P164,P,164.0,Q,2607,C,A
1438,P164,P,164.0,L,2607,C,T
1440,P164,P,164.0,P,2608,G,A
1441,P164,P,164.0,P,2608,G,T
1442,P164,P,164.0,P,2608,G,C
1444,P165,P,165.0,S,2609,C,T
1446,P165,P,165.0,A,2609,C,G
1447,P165,P,165.0,H,2610,C,A
1448,P165,P,165.0,L,2610,C,T
1450,P165,P,165.0,P,2611,C,T
1453,S166,S,166.0,C,2612,A,T
1454,S166,S,166.0,G,2612,A,G
1455,S166,S,166.0,N,2613,G,A
1456,S166,S,166.0,I,2613,G,T
1458,S166,S,166.0,S,2614,C,T
1460,Q167,Q,167.0,K,2615,C,A
1461,Q167,Q,167.0,*,2615,C,T
1464,Q167,Q,167.0,L,2616,A,T
1465,Q167,Q,167.0,P,2616,A,C
1466,Q167,Q,167.0,R,2616,A,G
1467,Q167,Q,167.0,Q,2617,G,A
1469,P168,P,168.0,S,2618,C,T
1471,P168,P,168.0,H,2619,C,A
1472,P168,P,168.0,L,2619,C,T
1474,P168,P,168.0,P,2620,C,A
1475,P168,P,168.0,P,2620,C,T
1477,G169,G,169.0,S,2621,G,A
1478,G169,G,169.0,C,2621,G,T
1480,G169,G,169.0,D,2622,G,A
1481,G169,G,169.0,V,2622,G,T
1482,G169,G,169.0,A,2622,G,C
1484,G169,G,169.0,G,2623,C,A
1485,G169,G,169.0,G,2623,C,T
1488,I170,I,170.0,F,2624,A,T
1489,I170,I,170.0,L,2624,A,C
1490,I170,I,170.0,V,2624,A,G
1491,I170,I,170.0,N,2625,T,A
1493,I170,I,170.0,T,2625,T,C
1494,I170,I,170.0,I,2626,T,A
1496,I170,I,170.0,I,2626,T,C
1497,I170,I,170.0,M,2626,T,G
1498,P171,P,171.0,S,2627,C,T
1500,P171,P,171.0,Q,2628,C,A
1501,P171,P,171.0,L,2628,C,T
1503,P171,P,171.0,P,2629,G,A
1504,P171,P,171.0,P,2629,G,T
1506,G172,G,172.0,S,2630,G,A
1507,G172,G,172.0,C,2630,G,T
1509,G172,G,172.0,D,2631,G,A
1511,G172,G,172.0,G,2632,C,A
1512,G172,G,172.0,G,2632,C,T
1515,M173,M,173.0,L,2633,A,T
1516,M173,M,173.0,L,2633,A,C
1517,M173,M,173.0,V,2633,A,G
1518,M173,M,173.0,K,2634,T,A
1520,M173,M,173.0,T,2634,T,C
1521,M173,M,173.0,I,2635,G,A
1522,M173,M,173.0,I,2635,G,T
1524,E174,E,174.0,K,2636,G,A
1527,E174,E,174.0,V,2637,A,T
1528,E174,E,174.0,G,2637,A,G
1530,E174,E,174.0,D,2638,A,T
1531,E174,E,174.0,E,2638,A,G
1532,P175,P,175.0,T,2639,C,A
1533,P175,P,175.0,S,2639,C,T
1535,P175,P,175.0,L,2640,C,T
1538,P175,P,175.0,P,2641,A,T
1539,P175,P,175.0,P,2641,A,C
1540,P175,P,175.0,P,2641,A,G
1541,D176,D,176.0,N,2642,G,A
1542,D176,D,176.0,Y,2642,G,T
1545,D176,D,176.0,V,2643,A,T
1546,D176,D,176.0,A,2643,A,C
1547,D176,D,176.0,G,2643,A,G
1548,D176,D,176.0,E,2644,C,A
1549,D176,D,176.0,D,2644,C,T
1551,L177,L,177.0,M,2645,C,A
1552,L177,L,177.0,L,2645,C,T
1554,L177,L,177.0,Q,2646,T,A
1556,L177,L,177.0,P,2646,T,C
1557,L177,L,177.0,R,2646,T,G
1558,L177,L,177.0,L,2647,G,A
1559,L177,L,177.0,L,2647,G,T
1561,P178,P,178.0,T,2648,C,A
1562,P178,P,178.0,S,2648,C,T
1564,P178,P,178.0,Q,2649,C,A
1565,P178,P,178.0,L,2649,C,T
1568,P178,P,178.0,P,2650,A,T
1569,P178,P,178.0,P,2650,A,C
1570,P178,P,178.0,P,2650,A,G
1571,A179,A,179.0,T,2651,G,A
1572,A179,A,179.0,S,2651,G,T
1574,A179,A,179.0,D,2652,C,A
1575,A179,A,179.0,V,2652,C,T
1577,A179,A,179.0,A,2653,C,A
1578,A179,A,179.0,A,2653,C,T
1580,L180,L,180.0,M,2654,T,A
1582,L180,L,180.0,L,2654,T,C
1583,L180,L,180.0,V,2654,T,G
1584,L180,L,180.0,*,2655,T,A
1586,L180,L,180.0,S,2655,T,C
1587,L180,L,180.0,W,2655,T,G
1588,L180,L,180.0,L,2656,G,A
1591,T181,T,181.0,S,2657,A,T
1592,T181,T,181.0,A,2657,A,G
1593,T181,T,181.0,I,2658,C,T
1595,T181,T,181.0,T,2659,C,A
1596,T181,T,181.0,T,2659,C,T
1598,E182,E,182.0,K,2660,G,A
1599,E182,E,182.0,*,2660,G,T
1602,E182,E,182.0,V,2661,A,T
1603,E182,E,182.0,A,2661,A,C
1604,E182,E,182.0,G,2661,A,G
1606,E182,E,182.0,D,2662,A,T
1607,E182,E,182.0,D,2662,A,C
1608,E182,E,182.0,E,2662,A,G
1610,T183,T,183.0,S,2663,A,T
1611,T183,T,183.0,P,2663,A,C
1612,T183,T,183.0,A,2663,A,G
1613,T183,T,183.0,K,2664,C,A
1614,T183,T,183.0,M,2664,C,T
1616,T183,T,183.0,T,2665,G,A
1617,T183,T,183.0,T,2665,G,T
1619,E184,E,184.0,K,2666,G,A
1620,E184,E,184.0,*,2666,G,T
1623,E184,E,184.0,V,2667,A,T
1624,E184,E,184.0,A,2667,A,C
1625,E184,E,184.0,G,2667,A,G
1626,E184,E,184.0,E,2668,G,A
1627,E184,E,184.0,D,2668,G,T
1629,E185,E,185.0,K,2669,G,A
1630,E185,E,185.0,*,2669,G,T
1633,E185,E,185.0,V,2670,A,T
1634,E185,E,185.0,A,2670,A,C
1635,E185,E,185.0,G,2670,A,G
1637,E185,E,185.0,D,2671,A,T
1638,E185,E,185.0,E,2671,A,G
1639,W186,W,186.0,R,2672,T,A
1641,W186,W,186.0,R,2672,T,C
1642,W186,W,186.0,G,2672,T,G
1643,W186,W,186.0,*,2673,G,A
1644,W186,W,186.0,L,2673,G,T
1646,W186,W,186.0,*,2674,G,A
1647,W186,W,186.0,C,2674,G,T
1649,E187,E,187.0,K,2675,G,A
1650,E187,E,187.0,*,2675,G,T
1653,E187,E,187.0,V,2676,A,T
1654,E187,E,187.0,A,2676,A,C
1655,E187,E,187.0,G,2676,A,G
1657,E187,E,187.0,D,2677,A,T
1658,E187,E,187.0,E,2677,A,G
1659,R188,R,188.0,R,2678,C,A
1660,R188,R,188.0,W,2678,C,T
1662,R188,R,188.0,Q,2679,G,A
1664,R188,R,188.0,R,2680,G,A
1665,R188,R,188.0,R,2680,G,T
1667,R189,R,189.0,S,2681,C,A
1668,R189,R,189.0,C,2681,C,T
1670,R189,R,189.0,H,2682,G,A
1672,R189,R,189.0,R,2683,C,A
1673,R189,R,189.0,R,2683,C,T
1675,R189,R,189.0,R,2683,C,G
1676,G190,G,190.0,R,2684,G,A
1677,G190,G,190.0,W,2684,G,T
1679,G190,G,190.0,E,2685,G,A
1680,G190,G,190.0,V,2685,G,T
1682,G190,G,190.0,G,2686,G,A
1683,G190,G,190.0,G,2686,G,T
1685,Q191,Q,191.0,K,2687,C,A
1686,Q191,Q,191.0,*,2687,C,T
1689,Q191,Q,191.0,L,2688,A,T
1690,Q191,Q,191.0,P,2688,A,C
1691,Q191,Q,191.0,R,2688,A,G
1692,Q191,Q,191.0,Q,2689,G,A
1693,Q191,Q,191.0,H,2689,G,T
1695,Q192,Q,192.0,K,2690,C,A
1696,Q192,Q,192.0,*,2690,C,T
1699,Q192,Q,192.0,L,2691,A,T
1700,Q192,Q,192.0,P,2691,A,C
1701,Q192,Q,192.0,R,2691,A,G
1702,Q192,Q,192.0,Q,2692,G,A
1703,Q192,Q,192.0,H,2692,G,T
1705,R193,R,193.0,S,2693,C,A
1706,R193,R,193.0,C,2693,C,T
1708,R193,R,193.0,H,2694,G,A
1709,R193,R,193.0,L,2694,G,T
1711,R193,R,193.0,R,2695,C,A
1712,R193,R,193.0,R,2695,C,T
1714,L194,L,194.0,M,2696,C,A
1715,L194,L,194.0,L,2696,C,T
1717,L194,L,194.0,Q,2697,T,A
1719,L194,L,194.0,P,2697,T,C
1720,L194,L,194.0,R,2697,T,G
1721,L194,L,194.0,L,2698,G,A
1722,L194,L,194.0,L,2698,G,T
1724,P195,P,195.0,T,2699,C,A
1725,P195,P,195.0,S,2699,C,T
1727,P195,P,195.0,Q,2700,C,A
1728,P195,P,195.0,L,2700,C,T
1730,P195,P,195.0,R,2700,C,G
1731,P195,P,195.0,P,2701,G,A
1732,P195,P,195.0,P,2701,G,T
1733,P195,P,195.0,P,2701,G,C
1736,M196,M,196.0,L,2702,A,T
1737,M196,M,196.0,L,2702,A,C
1738,M196,M,196.0,V,2702,A,G
1739,M196,M,196.0,K,2703,T,A
1741,M196,M,196.0,T,2703,T,C
1742,M196,M,196.0,R,2703,T,G
1743,M196,M,196.0,I,2704,G,A
1744,M196,M,196.0,I,2704,G,T
1746,P197,P,197.0,T,2705,C,A
1747,P197,P,197.0,S,2705,C,T
1749,P197,P,197.0,H,2706,C,A
1750,P197,P,197.0,L,2706,C,T
1752,P197,P,197.0,P,2707,C,A
1753,P197,P,197.0,P,2707,C,T
1755,D198,D,198.0,N,2708,G,A
1756,D198,D,198.0,Y,2708,G,T
1759,D198,D,198.0,V,2709,A,T
1760,D198,D,198.0,G,2709,A,G
1761,D198,D,198.0,E,2710,T,A
1763,D198,D,198.0,D,2710,T,C
1764,D198,D,198.0,E,2710,T,G
1765,E199,E,199.0,K,2711,G,A
1766,E199,E,199.0,*,2711,G,T
1769,E199,E,199.0,V,2712,A,T
1770,E199,E,199.0,A,2712,A,C
1771,E199,E,199.0,G,2712,A,G
1772,E199,E,199.0,E,2713,G,A
1773,E199,E,199.0,D,2713,G,T
1775,P200,P,200.0,T,2714,C,A
1776,P200,P,200.0,S,2714,C,T
1778,P200,P,200.0,Q,2715,C,A
1779,P200,P,200.0,L,2715,C,T
1781,P200,P,200.0,P,2716,G,A
1782,P200,P,200.0,P,2716,G,T
1784,C201,C,201.0,S,2717,T,A
1786,C201,C,201.0,R,2717,T,C
1787,C201,C,201.0,G,2717,T,G
1788,C201,C,201.0,Y,2718,G,A
1789,C201,C,201.0,F,2718,G,T
1791,C201,C,201.0,*,2719,T,A
1793,C201,C,201.0,C,2719,T,C
1794,C201,C,201.0,W,2719,T,G
1795,F202,F,202.0,I,2720,T,A
1797,F202,F,202.0,L,2720,T,C
1798,F202,F,202.0,V,2720,T,G
1799,F202,F,202.0,Y,2721,T,A
1801,F202,F,202.0,S,2721,T,C
1802,F202,F,202.0,C,2721,T,G
1803,F202,F,202.0,L,2722,T,A
1805,F202,F,202.0,F,2722,T,C
1806,F202,F,202.0,L,2722,T,G
1807,L203,L,203.0,M,2723,C,A
1808,L203,L,203.0,L,2723,C,T
1810,L203,L,203.0,Q,2724,T,A
1812,L203,L,203.0,P,2724,T,C
1813,L203,L,203.0,R,2724,T,G
1814,L203,L,203.0,L,2725,G,A
1815,L203,L,203.0,L,2725,G,T
1817,D204,D,204.0,N,2726,G,A
1818,D204,D,204.0,Y,2726,G,T
1821,D204,D,204.0,V,2727,A,T
1822,D204,D,204.0,A,2727,A,C
1823,D204,D,204.0,G,2727,A,G
1824,D204,D,204.0,E,2728,C,A
1825,D204,D,204.0,D,2728,C,T
1827,D205,D,205.0,N,2729,G,A
1828,D205,D,205.0,Y,2729,G,T
1831,D205,D,205.0,V,2730,A,T
1832,D205,D,205.0,A,2730,A,C
1833,D205,D,205.0,G,2730,A,G
1834,D205,D,205.0,E,2731,T,A
1836,D205,D,205.0,D,2731,T,C
1837,D205,D,205.0,E,2731,T,G
1838,G206,G,206.0,S,2732,G,A
1840,G206,G,206.0,D,2733,G,A
1841,G206,G,206.0,V,2733,G,T
1843,G206,G,206.0,G,2734,C,A
1844,G206,G,206.0,G,2734,C,T
1846,E207,E,207.0,K,2735,G,A
1847,E207,E,207.0,*,2735,G,T
1850,E207,E,207.0,V,2736,A,T
1851,E207,E,207.0,A,2736,A,C
1852,E207,E,207.0,G,2736,A,G
1853,E207,E,207.0,E,2737,G,A
1854,E207,E,207.0,D,2737,G,T
1856,P208,P,208.0,T,2738,C,A
1857,P208,P,208.0,S,2738,C,T
1859,P208,P,208.0,Q,2739,C,A
1860,P208,P,208.0,L,2739,C,T
1862,P208,P,208.0,P,2740,G,A
1863,P208,P,208.0,P,2740,G,T
1865,L209,L,209.0,M,2741,T,A
1867,L209,L,209.0,L,2741,T,C
1868,L209,L,209.0,V,2741,T,G
1869,L209,L,209.0,*,2742,T,A
1871,L209,L,209.0,S,2742,T,C
1872,L209,L,209.0,W,2742,T,G
1873,L209,L,209.0,L,2743,G,A
1874,L209,L,209.0,F,2743,G,T
1876,E210,E,210.0,K,2744,G,A
1877,E210,E,210.0,*,2744,G,T
1880,E210,E,210.0,V,2745,A,T
1881,E210,E,210.0,A,2745,A,C
1882,E210,E,210.0,G,2745,A,G
1883,E210,E,210.0,E,2746,G,A
1885,P211,P,211.0,T,2747,C,A
1886,P211,P,211.0,S,2747,C,T
1888,P211,P,211.0,A,2747,C,G
1889,P211,P,211.0,Q,2748,C,A
1890,P211,P,211.0,L,2748,C,T
1892,P211,P,211.0,P,2749,G,A
1893,P211,P,211.0,P,2749,G,T
1895,P212,P,212.0,T,2750,C,A
1896,P212,P,212.0,S,2750,C,T
1898,P212,P,212.0,Q,2751,C,A
1899,P212,P,212.0,L,2751,C,T
1901,P212,P,212.0,R,2751,C,G
1902,P212,P,212.0,P,2752,G,A
1903,P212,P,212.0,P,2752,G,T
1906,T213,T,213.0,S,2753,A,T
1907,T213,T,213.0,A,2753,A,G
1908,T213,T,213.0,K,2754,C,A
1909,T213,T,213.0,I,2754,C,T
1912,T213,T,213.0,T,2755,A,T
1913,T213,T,213.0,T,2755,A,C
1914,T213,T,213.0,T,2755,A,G
1915,R214,R,214.0,R,2756,C,A
1916,R214,R,214.0,W,2756,C,T
1918,R214,R,214.0,Q,2757,G,A
1919,R214,R,214.0,L,2757,G,T
1921,R214,R,214.0,R,2758,G,A
1922,R214,R,214.0,R,2758,G,T
1923,R214,R,214.0,R,2758,G,C
1925,V215,V,215.0,I,2759,G,A
1926,V215,V,215.0,F,2759,G,T
1927,V215,V,215.0,L,2759,G,C
1929,V215,V,215.0,D,2760,T,A
1931,V215,V,215.0,A,2760,T,C
1932,V215,V,215.0,G,2760,T,G
1933,V215,V,215.0,V,2761,C,A
1934,V215,V,215.0,V,2761,C,T
1937,T216,T,216.0,S,2762,A,T
1938,T216,T,216.0,P,2762,A,C
1939,T216,T,216.0,A,2762,A,G
1940,T216,T,216.0,K,2763,C,A
1941,T216,T,216.0,M,2763,C,T
1943,T216,T,216.0,R,2763,C,G
1944,T216,T,216.0,T,2764,G,A
1945,T216,T,216.0,T,2764,G,T
1947,L217,L,217.0,M,2765,C,A
1948,L217,L,217.0,L,2765,C,T
1950,L217,L,217.0,Q,2766,T,A
1952,L217,L,217.0,P,2766,T,C
1953,L217,L,217.0,R,2766,T,G
1954,L217,L,217.0,L,2767,G,A
1955,L217,L,217.0,L,2767,G,T
1956,L217,L,217.0,L,2767,G,C
1958,P218,P,218.0,T,2768,C,A
1959,P218,P,218.0,S,2768,C,T
1961,P218,P,218.0,Q,2769,C,A
1962,P218,P,218.0,L,2769,C,T
1964,P218,P,218.0,P,2770,G,A
1965,P218,P,218.0,P,2770,G,T
1967,R219,R,219.0,S,2771,C,A
1968,R219,R,219.0,C,2771,C,T
1970,R219,R,219.0,G,2771,C,G
1971,R219,R,219.0,H,2772,G,A
1972,R219,R,219.0,L,2772,G,T
1974,R219,R,219.0,R,2773,C,A
1975,R219,R,219.0,R,2773,C,T
1977,R219,R,219.0,R,2773,C,G
1978,R220,R,220.0,R,2774,C,A
1979,R220,R,220.0,W,2774,C,T
1981,R220,R,220.0,G,2774,C,G
1982,R220,R,220.0,Q,2775,G,A
1986,*221,*,221.0,Q,2777,T,C
1988,*221,*,221.0,*,2779,G,A
49,R6,R,6.0,S,2134,A,C
55,E7,E,7.0,A,2136,A,C
74,G9,G,9.0,G,2143,C,A
95,Q11,Q,11.0,H,2149,A,C
98,A12,A,12.0,S,2150,G,T
102,A12,A,12.0,A,2152,C,A
116,N14,N,14.0,H,2156,A,C
130,P16,P,16.0,T,2162,C,A
162,V20,V,20.0,L,2174,G,T
176,T22,T,22.0,S,2180,A,T
203,K25,K,25.0,N,2191,A,C
216,H27,H,27.0,L,2196,A,T
235,W30,W,30.0,R,2204,T,A
238,W30,W,30.0,*,2205,G,A
250,A31,A,31.0,A,2209,C,G
288,R36,R,36.0,W,2222,A,T
304,P38,P,38.0,T,2228,C,A
305,P38,P,38.0,S,2228,C,T
322,A40,A,40.0,E,2235,C,A
345,L43,L,43.0,M,2243,C,A
351,L43,L,43.0,L,2245,G,T
362,L44,L,44.0,L,2248,G,C
426,G52,G,52.0,A,2271,G,C
513,K62,K,62.0,N,2302,G,T
524,L64,L,64.0,I,2306,C,A
572,G69,G,69.0,*,2321,G,T
573,G69,G,69.0,R,2321,G,C
575,G69,G,69.0,E,2322,G,A
601,L72,L,72.0,*,2331,T,A
629,Q76,Q,76.0,K,2342,C,A
645,A78,A,78.0,S,2348,G,T
666,K80,K,80.0,T,2355,A,C
687,L82,L,82.0,F,2362,G,T
704,A84,A,84.0,G,2367,C,G
711,E85,E,85.0,A,2370,A,C
714,E85,E,85.0,D,2371,G,T
728,W87,W,87.0,L,2376,G,T
730,W87,W,87.0,C,2377,G,T
779,L93,L,93.0,H,2394,T,A
797,G95,G,95.0,C,2399,G,T
800,G95,G,95.0,V,2400,G,T
802,G95,G,95.0,G,2401,C,A
806,P96,P,96.0,T,2402,C,A
809,P96,P,96.0,A,2402,C,G
851,S100,S,100.0,S,2416,G,C
863,Y102,Y,102.0,F,2421,A,T
868,V103,V,103.0,L,2423,G,T
869,V103,V,103.0,L,2423,G,C
874,V103,V,103.0,G,2424,T,G
888,V104,V,104.0,V,2428,C,G
901,D106,D,106.0,V,2433,A,T
902,D106,D,106.0,A,2433,A,C
916,V108,V,108.0,L,2438,G,T
956,G111,G,111.0,G,2449,C,G
974,R114,R,114.0,L,2457,G,T
979,R114,R,114.0,R,2458,C,G
1033,S120,S,120.0,S,2476,G,C
1050,F122,F,122.0,C,2481,T,G
1064,A124,A,124.0,D,2487,C,A
1070,A124,A,124.0,A,2488,C,G
1095,V127,V,127.0,V,2497,G,C
1178,S136,S,136.0,*,2523,C,A
1213,G139,G,139.0,G,2533,G,C
1230,G141,G,141.0,G,2539,C,A
1241,D142,D,142.0,E,2542,C,A
1312,P151,P,151.0,A,2567,C,G
1377,T158,T,158.0,N,2589,C,A
1388,G159,G,159.0,A,2592,G,C
1405,G161,G,161.0,R,2597,G,C
1413,G161,G,161.0,G,2599,C,G
1415,E162,E,162.0,*,2600,G,T
1433,P164,P,164.0,T,2606,C,A
1436,P164,P,164.0,A,2606,C,G
1444,P165,P,165.0,T,2609,C,A
1451,P165,P,165.0,R,2610,C,G
1452,P165,P,165.0,P,2611,C,A
1457,S166,S,166.0,R,2612,A,C
1462,S166,S,166.0,R,2614,C,A
1473,Q167,Q,167.0,H,2617,G,T
1475,P168,P,168.0,T,2618,C,A
1500,I170,I,170.0,S,2625,T,G
1505,P171,P,171.0,T,2627,C,A
1518,G172,G,172.0,V,2631,G,T
1530,M173,M,173.0,R,2634,T,G
1538,E174,E,174.0,A,2637,A,C
1542,E174,E,174.0,D,2638,A,C
1547,P175,P,175.0,Q,2640,C,A
1600,L180,L,180.0,F,2656,G,T
1604,T181,T,181.0,P,2657,A,C
1606,T181,T,181.0,N,2658,C,A
1614,E182,E,182.0,Q,2660,G,C
1653,E185,E,185.0,D,2671,A,C
1674,E187,E,187.0,D,2677,A,C
1680,R188,R,188.0,L,2679,G,T
1689,R189,R,189.0,L,2682,G,T
1745,P195,P,195.0,A,2699,C,G
1768,P197,P,197.0,A,2705,C,G
1772,P197,P,197.0,R,2706,C,G
1781,D198,D,198.0,A,2709,A,C
1800,P200,P,200.0,A,2714,C,G
1862,G206,G,206.0,C,2732,G,T
1908,E210,E,210.0,D,2746,G,T
1931,T213,T,213.0,P,2753,A,C
1983,P218,P,218.0,A,2768,C,G
2006,R220,R,220.0,L,2775,G,T
2011,*221,*,221.0,W,2778,A,G
